{
  "generated_at_utc": "2026-03-06T05:29:48.213353+00:00",
  "evaluation_mode": "bert",
  "quality_gate_passed": true,
  "best_threshold": {
    "threshold": 0.1,
    "precision": 0.3333333333333333,
    "recall": 1.0,
    "f1": 0.5
  },
  "metrics": {
    "accuracy": 0.3333333333333333,
    "precision": 0.3333333333333333,
    "recall": 1.0,
    "f1": 0.5,
    "auc_roc": 1.0,
    "tn": 0.0,
    "fp": 2.0,
    "fn": 0.0,
    "tp": 1.0,
    "latency_per_email_ms": 76.25553333491553
  },
  "targets": {
    "accuracy": 0.97,
    "precision": 0.96,
    "recall": 0.97,
    "f1": 0.965,
    "auc_roc": 0.99
  }
}